ticker,time,tradeDirection,-4,-3,-2,-1,0,1,2,3,Return
300174.SZ,93400,1.0,0.01007591442374051,1.0072463768115942,1.0072463768115942,1.0072463768115942,1.0,1.0,1.005175983436853,1.005175983436853,-0.005149330587023604
300558.SZ,93400,1.0,0.9890607907485545,0.9924988279418658,0.995468041881544,0.9970307860603218,1.0,1.0032817627754336,1.0034380371933114,1.003750586029067,-0.003426257592275217
600203.SH,93400,1.0,0.9779735682819384,0.9801762114537446,0.9801762114537446,0.9900881057268722,1.0,0.9944933920704845,1.0,1.002202643171806,0.005537098560354448
600815.SH,93400,1.0,0.9755555555555555,0.9844444444444443,0.9822222222222222,0.991111111111111,1.0,0.9933333333333333,0.991111111111111,0.9888888888888889,0.006711409395973256
603329.SH,93400,1.0,0.9089820359281438,1.0,1.0,1.0,1.0,1.0,1.0,1.0,0.0
603838.SH,93400,1.0,0.9849683544303797,0.990506329113924,0.9873417721518988,0.992879746835443,1.0,0.9984177215189872,0.9897151898734177,0.9944620253164557,0.0015847860538829028
002275.SZ,93500,1.0,0.9890176937156803,0.9902379499694935,0.9914582062233068,0.9945088468578401,1.0,1.00183038438072,1.0024405125076266,1.0024405125076266,-0.0018270401948843329
002691.SZ,93500,1.0,0.009913615795968738,0.009913615795968738,0.9934183463595229,0.9934183463595229,1.0,0.9921842863019334,0.997943233237351,0.9930069930069931,0.007877280265339959
300445.SZ,93700,1.0,0.010076530612244899,0.010076530612244899,0.010076530612244899,0.9993622448979592,1.0,1.0,0.9910714285714285,0.9923469387755103,0.0
600608.SH,95700,1.0,0.9779141104294478,0.9840490797546011,0.9901840490797545,0.9938650306748466,1.0,1.0,1.0012269938650307,1.003680981595092,0.0
300365.SZ,95900,1.0,0.9971500949968335,0.9968334388853706,0.9962001266624446,0.9962001266624446,1.0,0.9981000633312224,0.9981000633312224,1.0,0.0019035532994924331
300365.SZ,100300,1.0,1.0,0.9981000633312224,0.9981000633312224,1.0,1.0,1.0,0.9990500316656112,1.0,-0.00031655587211143477
600071.SH,100300,1.0,0.9364902506963788,0.9442896935933147,0.9637883008356547,0.9793871866295264,1.0,0.9972144846796657,0.9877437325905293,0.9871866295264624,0.0027932960893854997
300448.SZ,100400,1.0,0.9954358740301231,0.9954358740301231,0.9949794614331355,0.9954358740301231,1.0,1.0,1.0,1.0,0.0
000801.SZ,100800,1.0,0.9664429530201342,0.9664429530201342,0.9781879194630873,0.9882550335570469,1.0,0.9916107382550335,1.0151006711409396,1.0033557046979866,0.008460236886632888
300423.SZ,100900,1.0,0.9988376598217746,0.999612553273925,0.999612553273925,0.999612553273925,1.0,1.0,1.0,1.0,0.0
300448.SZ,101400,1.0,1.0,1.0,1.0,1.0,1.0,1.0,1.0,1.0,0.004585052728106387
600986.SH,101500,1.0,0.9936479128856625,0.9936479128856625,0.9945553539019965,0.9981851179673321,1.0,0.9972776769509982,0.9990925589836661,1.0,0.0027297543221109777
300682.SZ,101600,1.0,0.9813730707823312,0.9845662586482172,0.9888238424693986,0.9952102182011708,1.0,1.008515167642363,1.0047897817988292,1.0005321979776478,-0.004766949152542388
002686.SZ,101900,1.0,0.9929356357927787,0.9929356357927787,0.9937205651491365,0.9968602825745683,1.0,1.0078492935635792,1.0070643642072212,1.012558869701727,-0.007788161993769416
603069.SH,102000,1.0,0.9937402190923318,0.9945226917057904,0.9945226917057904,0.9945226917057904,1.0,1.0,1.0007824726134584,1.0007824726134584,0.0
000524.SZ,102300,1.0,0.9965217391304348,0.9973913043478262,0.9982608695652174,0.9991304347826088,1.0,1.0,0.9991304347826088,0.9982608695652174,0.0
300423.SZ,102400,1.0,0.995756172839506,0.995756172839506,0.9972993827160493,1.0,1.0,1.0,1.0,1.0,0.0
603456.SH,102400,1.0,0.9974059662775616,0.9987029831387808,0.9993514915693904,0.9993514915693904,1.0,1.0,1.0,1.0,0.0
300283.SZ,102500,1.0,0.9947275922671353,0.9947275922671353,0.9947275922671353,0.9982425307557117,1.0,1.001757469244288,1.001757469244288,1.0,-0.0017543859649122862
600678.SH,102500,1.0,0.9991015274034141,0.9982030548068282,0.9991015274034141,1.0,1.0,1.0,1.0008984725965857,1.0008984725965857,0.0
600279.SH,102600,1.0,0.9932432432432432,0.9915540540540541,0.9932432432432432,0.9966216216216217,1.0,1.0,0.9983108108108109,0.9966216216216217,0.0
000622.SZ,102800,1.0,0.9957627118644069,0.9978813559322034,1.0,1.0,1.0,1.0,0.9936440677966103,0.9978813559322034,0.006396588486140553
002316.SZ,103000,1.0,1.0,1.0,1.0,1.0,1.0,1.0,1.0,0.9982683982683982,0.0
000803.SZ,103300,1.0,1.0,1.0,1.0,1.0,1.0,1.0,1.0,0.9995652173913043,0.0
002058.SZ,103300,1.0,0.9985941893158388,0.9985941893158388,1.0004686035613872,1.0,1.0,0.9985941893158388,0.9981255857544518,0.9981255857544518,0.001407789770061063
603037.SH,103300,1.0,1.0,1.0,1.0,1.0,1.0,0.999623352165725,0.9988700564971751,0.9981167608286252,0.00037678975131871795
600860.SH,103400,1.0,1.0,1.0,1.0,1.0,1.0,0.997080291970803,0.997080291970803,0.997080291970803,0.002928257686676261
300382.SZ,103600,1.0,1.0,0.999348109517601,0.999348109517601,0.999348109517601,1.0,1.0006518904823989,1.0,1.0,0.0
603309.SH,103600,1.0,1.0,1.0,1.0,1.0,1.0,1.0,1.0016411378555798,1.0016411378555798,-0.0016384489350080855
000663.SZ,103700,1.0,0.9940054495912805,0.994550408719346,0.994550408719346,0.997275204359673,1.0,1.001634877384196,1.001634877384196,1.0038147138964577,-0.0016322089227419623
300363.SZ,103800,1.0,0.9992424242424243,0.9984848484848485,0.9984848484848485,0.9984848484848485,1.0,1.000757575757576,1.0,1.000757575757576,-0.0007570022710069457
300387.SZ,104000,1.0,0.9987767584097857,0.9987767584097857,0.9987767584097857,1.0,1.0,0.9987767584097857,0.9987767584097857,0.9987767584097857,0.0012247397428049034
002183.SZ,104500,1.0,0.9750692520775623,0.9750692520775623,0.9750692520775623,0.9764542936288089,1.0,1.0110803324099724,1.018005540166205,1.0110803324099724,-0.010958904109588996
600896.SH,104500,1.0,0.9971751412429378,0.9971751412429378,0.9971751412429378,0.998587570621469,1.0,0.998587570621469,0.998587570621469,0.998587570621469,0.0014144271570013522
600403.SH,104600,1.0,1.0,1.0,1.0,1.0,1.0,1.0,1.0,1.0,0.0
300515.SZ,104700,1.0,1.0,1.0,1.0,1.0,1.0,1.0,1.0,0.9982653946227233,0.0017376194613378804
600830.SH,104700,1.0,0.9989561586638831,0.9989561586638831,0.9989561586638831,0.9979123173277662,1.0,1.0020876826722338,1.0020876826722338,1.001043841336117,-0.0010427528675703845
603990.SH,104700,1.0,1.0,1.0,1.0,1.0,1.0,1.0,1.0,0.9997251992305579,0.0
300363.SZ,105000,1.0,0.999244142101285,1.0,1.0,0.99848828420257,1.0,1.000755857898715,1.00302343159486,1.00302343159486,-0.0030143180105500766
600830.SH,105100,1.0,0.9968782518210199,0.9989594172736733,0.9989594172736733,0.9979188345473465,1.0,0.9989594172736733,0.9989594172736733,0.9979188345473465,0.002085505735140769
603901.SH,105100,1.0,0.9921524663677129,0.9921524663677129,0.9910313901345291,0.9910313901345291,1.0,1.0156950672645741,1.022421524663677,1.0190582959641254,-0.018701870187018743
300606.SZ,105200,1.0,0.9993975903614457,0.9993975903614457,0.9993975903614457,0.9996987951807227,1.0,1.0,1.002710843373494,1.002710843373494,-0.002703514568939469
603519.SH,105200,1.0,0.9906933457422057,0.9906933457422057,0.9906933457422057,0.9906933457422057,1.0,1.0,1.0418799441600746,1.0265239646347137,0.0
002856.SZ,105400,1.0,0.9972930295510941,0.9972930295510941,0.9972930295510941,0.9986465147755471,1.0,0.9995488382585158,0.9993232573877735,1.0009023234829686,0.0004513653802753481
601798.SH,105900,1.0,0.998945147679325,1.0,1.0,1.0,1.0,1.0,1.0,1.0,0.0
002514.SZ,110000,1.0,0.9974293059125964,0.9987146529562981,0.9987146529562981,0.9987146529562981,1.0,1.0012853470437018,1.0025706940874035,1.0038560411311053,-0.003841229193341733
002712.SZ,110000,1.0,1.0008695652173913,1.0008695652173913,1.0008695652173913,1.0008695652173913,1.0,1.0,1.0008695652173913,1.0008695652173913,0.0
300566.SZ,110000,1.0,0.9957761351636747,0.9960401267159449,0.9976240760295669,0.9976240760295669,1.0,1.0005279831045406,1.0005279831045406,1.0005279831045406,-0.0005277044854880009
300495.SZ,110100,1.0,0.9939799331103679,0.9946488294314382,0.9959866220735787,0.9959866220735787,1.0,0.9973244147157191,0.9993311036789297,0.9979933110367893,0.0026827632461434714
000691.SZ,110200,1.0,0.9961340206185568,0.9974226804123711,0.9974226804123711,0.9987113402061856,1.0,1.0012886597938144,1.0012886597938144,1.0,-0.0012870012870012104
002485.SZ,110300,1.0,0.997698504027618,0.997698504027618,0.9996164173379363,1.0,1.0,1.0,1.0,1.0,0.0
002712.SZ,110300,1.0,1.0,0.9991311902693311,0.9991311902693311,1.0,1.0,1.0,0.9973935708079931,0.9973935708079931,0.002613240418118501
300382.SZ,110500,1.0,0.9974042829331602,0.9974042829331602,0.9974042829331602,0.9961064243997404,1.0,0.9967553536664503,1.0,1.00064892926671,0.0032552083333334814
002459.SZ,110600,1.0,0.9983179142136248,0.9991589571068125,1.0,1.0,1.0,0.9991589571068125,0.9991589571068125,0.9983179142136248,0.0008417508417508657
300132.SZ,110700,1.0,0.9974811083123425,0.9974811083123425,0.9974811083123425,0.9987405541561712,1.0,1.0,1.0,1.0,0.0
002778.SZ,110800,1.0,0.9962515618492295,0.9970845481049563,0.9987505206164098,1.0,1.0,1.0,1.0,1.0020824656393168,0.0
600383.SH,110800,1.0,0.9985601151907847,0.9985601151907847,0.9985601151907847,0.9992800575953924,1.0,1.0,1.0,1.0,0.0
002734.SZ,110900,1.0,0.9996027016289233,0.9996027016289233,0.9996027016289233,1.0,1.0,1.0,1.0003972983710765,1.0003972983710765,-0.00039714058776796346
002857.SZ,110900,1.0,1.0,1.0,1.0,1.0,1.0,1.0,0.9996308600959763,0.9996308600959763,0.00036927621861160276
300301.SZ,110900,1.0,1.0,1.0,1.0,1.0,1.0,1.0016420361247946,1.0016420361247946,1.0016420361247946,-0.0016393442622950616
000609.SZ,111000,1.0,0.9935956084172003,0.9935956084172003,0.9935956084172003,0.9935956084172003,1.0,1.000914913083257,1.000914913083257,0.9972552607502287,-0.000914076782449702
002275.SZ,111000,1.0,1.0006105006105006,1.0,1.0,1.0,1.0,1.0,0.9981684981684983,0.9987789987789988,0.0
002348.SZ,111000,1.0,0.998263888888889,1.0,1.0,1.0,1.0,1.0,1.0,1.0,0.0
300411.SZ,111000,1.0,0.9994287346472438,0.9994287346472438,0.9994287346472438,0.9994287346472438,1.0,1.0,1.0051413881748072,1.0054270208511855,-0.005115089514066473
600851.SH,111000,1.0,0.9962721342031686,0.9972041006523764,0.9981360671015844,0.9990680335507922,1.0,1.0,1.0009319664492078,1.0,0.0
002485.SZ,111100,1.0,0.9931428571428571,0.9931428571428571,0.9931428571428571,0.9931428571428571,1.0,0.9996190476190475,0.9996190476190475,0.9984761904761905,0.00038109756097570724
000534.SZ,111200,1.0,0.9992810927390366,0.9992810927390366,0.9992810927390366,0.9992810927390366,1.0,1.0,1.00215672178289,1.00215672178289,-0.002152080344332785
000715.SZ,111200,1.0,0.9958376690946931,0.9947970863683664,0.9947970863683664,0.9968782518210199,1.0,1.0020811654526536,1.0,1.0010405827263267,0.0
300606.SZ,111200,1.0,0.9919690660321239,0.9919690660321239,0.9931588340273647,0.9958358120166567,1.0,1.0,0.998810232004759,0.998810232004759,0.0
603090.SH,111200,1.0,0.9979695431472082,0.9979695431472082,1.0,1.0,1.0,1.0,0.9994923857868021,0.9994923857868021,0.0015251652262326942
300602.SZ,111300,1.0,0.9965960665658093,0.9965960665658093,0.9928139183055975,0.9965960665658093,1.0,1.0011346444780636,0.9947049924357034,1.0007564296520424,-0.00018907165815840177
600882.SH,111300,1.0,0.9989059080962801,1.0,1.0,1.0,1.0,1.0,1.0,1.0,0.0
000609.SZ,111400,1.0,1.0018331805682859,1.002749770852429,1.002749770852429,0.9990834097158571,1.0,1.0018331805682859,1.003666361136572,1.003666361136572,-0.0018298261665141702
300434.SZ,111600,1.0,0.9991617770326907,1.0,1.0,1.0,1.0,1.0,1.0,1.0,0.0
300600.SZ,111600,1.0,0.9997701149425288,0.9997701149425288,0.9997701149425288,0.9997701149425288,1.0,1.0,1.0022988505747126,1.0022988505747126,0.0
600983.SH,111600,1.0,1.0,1.0,1.0,1.0,1.0,0.9986130374479889,1.0,0.9986130374479889,0.001388888888888884
603090.SH,111700,1.0,1.0,0.9994923857868021,0.9994923857868021,0.9984771573604062,1.0,1.0,1.0,0.9994923857868021,0.0
000889.SZ,111800,1.0,1.0,1.0,1.0,1.0,1.0,1.0,1.0,0.9977392614920875,0.0
300576.SZ,111800,1.0,1.0,1.0,1.0,1.0,1.0,1.004697592483852,1.004697592483852,1.004697592483852,-0.004675628287551081
600560.SH,111900,1.0,0.9990356798457088,0.9990356798457088,0.9990356798457088,0.9990356798457088,1.0,1.0,1.0009643201542913,1.0009643201542913,-0.0009633911368016612
002623.SZ,112000,1.0,0.997789566755084,0.998231653404067,0.9991158267020336,1.0,1.0,1.0,1.0004420866489832,1.0026525198938991,-0.002645502645502562
300006.SZ,112000,1.0,0.9921752738654147,0.9906103286384977,0.9906103286384977,0.9906103286384977,1.0,0.996870109546166,1.0,0.998435054773083,0.0031397174254317317
300254.SZ,112000,1.0,0.9970930232558138,0.9970930232558138,0.9970930232558138,0.9970930232558138,1.0,0.999031007751938,1.000968992248062,1.000968992248062,0.0009699321047527132
300610.SZ,112100,1.0,0.9923798358733881,0.992966002344666,0.9958968347010551,0.9982415005861666,1.0,0.9994138335287223,1.0011723329425557,1.0023446658851116,0.0005865102639295294
603579.SH,112100,1.0,0.9934456928838951,0.9937578027465668,0.9956304619225967,0.9978152309612983,1.0,1.00187265917603,1.00187265917603,1.00187265917603,-0.0018691588785046953
000610.SZ,112200,1.0,1.0,1.0,1.0,1.0,1.0,1.0,1.0,1.0,0.0
600560.SH,112200,1.0,0.9980732177263968,0.9990366088631983,0.9990366088631983,1.0,1.0,1.0,0.9990366088631983,0.9990366088631983,0.0009643201542912649
600186.SH,112300,1.0,1.0,1.0,1.0,1.0,1.0,0.9967426710097721,1.0,1.0,0.0
300321.SZ,112400,1.0,0.9995648389904264,0.9995648389904264,0.9995648389904264,0.999129677980853,1.0,1.0,0.9995648389904264,0.999129677980853,0.0004353504571179556
300453.SZ,112600,1.0,0.9987995198079231,0.9993997599039615,1.0,1.0,1.0,0.9987995198079231,0.9993997599039615,0.9993997599039615,0.0012019230769231282
300602.SZ,112600,1.0,1.0007568590350047,1.0,1.0,1.0,1.0,0.996972563859981,0.9965941343424787,0.996972563859981,0.0030366293414310075
002086.SZ,112700,1.0,0.9958677685950414,0.9958677685950414,0.9958677685950414,0.9958677685950414,1.0,1.0,1.0041322314049588,1.003305785123967,0.0
600444.SH,112800,1.0,0.9980366492146597,0.9980366492146597,0.9986910994764399,1.0,1.0,0.9993455497382199,0.9993455497382199,1.0,0.0006548788474132206
603088.SH,112800,1.0,0.9901913875598087,0.9901913875598087,0.992822966507177,0.992822966507177,1.0,0.988755980861244,0.9997607655502393,0.9997607655502393,0.011371884829421752
300300.SZ,113000,1.0,0.9970674486803519,0.9970674486803519,0.9970674486803519,0.9941348973607037,1.0,0.9941348973607037,0.9941348973607037,0.9941348973607037,0.005899705014749346
600830.SH,113000,1.0,1.0010405827263267,1.0010405827263267,1.0010405827263267,1.0,1.0,1.0020811654526536,1.0010405827263267,1.0010405827263267,-0.0020768431983386737
000017.SZ,130100,1.0,1.0,1.0,0.9983974358974359,0.9983974358974359,1.0,1.001602564102564,1.001602564102564,1.001602564102564,-0.0015999999999999348
000785.SZ,130100,1.0,0.9979818365287588,0.9979818365287588,0.9979818365287588,0.9979818365287588,1.0,1.0,1.0,1.0,0.0
002349.SZ,130100,1.0,0.9446494464944648,0.9446494464944648,0.9446494464944648,0.9446494464944648,1.0,0.9963099630996308,0.991389913899139,0.9803198031980318,0.0037037037037037646
300538.SZ,130100,1.0,0.9888647474198804,0.9888647474198804,0.9888647474198804,0.9888647474198804,1.0,0.9902227050516024,0.9986420423682781,0.9975556762629005,0.009873834339001686
300627.SZ,130100,1.0,0.9635416666666666,0.9633246527777778,0.9633246527777778,0.9633246527777778,1.0,0.9973958333333334,0.990017361111111,0.9950086805555556,0.0026109660574411553
600243.SH,130100,1.0,0.995645863570392,0.995645863570392,0.995645863570392,0.995645863570392,1.0,1.0,1.0,1.0,0.0029112081513826826
603918.SH,130100,1.0,0.9977765425236242,0.9983324068927183,0.9988882712618121,0.9994441356309062,1.0,1.0,1.0,1.000555864369094,0.0
002336.SZ,130200,1.0,0.973594548551959,0.9744463373083475,0.9752981260647359,0.985519591141397,1.0,0.9897785349233389,0.9931856899488927,0.9957410562180579,0.010327022375215211
600880.SH,130200,1.0,0.9981203007518795,0.9981203007518795,0.9962406015037593,0.9981203007518795,1.0,1.0018796992481203,1.0018796992481203,1.0018796992481203,-0.0018761726078798668
603703.SH,130200,1.0,0.9871194379391102,0.9871194379391102,0.987704918032787,0.9918032786885248,1.0,0.9988290398126464,0.9982435597189697,0.9964871194379392,0.004705882352941115
002316.SZ,130300,1.0,0.9982773471145564,0.9982773471145564,0.9991386735572783,1.0,1.0,1.0,1.0,1.0,0.0008620689655172153
002838.SZ,130300,1.0,0.9987872908076644,0.9987872908076644,0.9997574581615329,0.9997574581615329,1.0,1.0,1.0012127091923357,1.0012127091923357,-0.001211240310077577
603158.SH,130500,1.0,0.9983827493261455,0.9989218328840971,0.9989218328840971,0.9994609164420485,1.0,1.0,1.0,1.0,0.0016198704103671524
002667.SZ,130600,1.0,0.9988116458704694,0.9988116458704694,0.9988116458704694,1.0,1.0,1.0,1.0,0.9988116458704694,0.0
300300.SZ,130600,1.0,0.9953024075161478,0.9953024075161478,1.0,1.0,1.0,1.0,1.0,1.0,0.0017647058823531125
002832.SZ,130700,1.0,0.9958820622632186,0.9958820622632186,1.0,1.0,1.0,1.0,0.9955526272442761,0.9955526272442761,0.004467240238252845
300550.SZ,130700,1.0,1.0,1.0,1.0,1.0,1.0,1.0,1.0,1.0,0.0006393861892584063
000150.SZ,130800,1.0,0.9976674441852715,0.9973342219260246,0.9973342219260246,0.9986671109630122,1.0,0.9996667777407531,0.9996667777407531,0.9996667777407531,0.0003333333333332966
002741.SZ,130800,1.0,0.9980532121998703,0.9993510707332901,0.9993510707332901,0.9993510707332901,1.0,1.0,1.00064892926671,1.00064892926671,-0.0006485084306095956
300330.SZ,130800,1.0,0.9907063197026023,0.9907063197026023,0.9907063197026023,0.9907063197026023,1.0,1.0,0.9972118959107807,0.996282527881041,0.008434864104967188
300234.SZ,130900,1.0,0.9978046103183316,0.9978046103183316,0.9978046103183316,0.9989023051591658,1.0,1.0010976948408343,1.0,1.0,0.0
002542.SZ,131000,1.0,0.9881266490765171,0.9868073878627969,0.9907651715039577,0.9947229551451188,1.0,1.0092348284960422,1.0065963060686016,1.0158311345646438,-0.006553079947575369
002857.SZ,131000,1.0,1.0,1.0,1.0,1.0,1.0,0.9981570217471434,0.9981570217471434,0.9981570217471434,0.0018463810930575697
300211.SZ,131000,1.0,1.0,1.0,1.0,1.0,1.0,1.0,1.0,1.0,0.0
000584.SZ,131100,1.0,0.9879518072289157,0.9872824631860777,0.9872824631860777,0.9879518072289157,1.0,0.9939759036144579,0.9926372155287818,0.9933065595716198,0.0060606060606061
600319.SH,131100,1.0,1.0029585798816567,1.0,1.0,1.0,1.0,1.0,1.0039447731755424,1.0009861932938855,0.0
300658.SZ,131200,1.0,0.9976643309976643,0.9986653319986654,0.9993326659993327,0.9993326659993327,1.0,1.0,1.0,0.9989989989989991,0.0010020040080158665
600855.SH,131200,1.0,0.9953333333333333,0.9953333333333333,0.9966666666666666,0.998,1.0,1.0026666666666666,1.0006666666666666,1.0006666666666666,-0.0006662225183211579
300087.SZ,131300,1.0,0.9981549815498155,0.9981549815498155,0.9990774907749078,1.0,1.0,1.0,1.0009225092250922,1.0009225092250922,-0.0009216589861751334
300132.SZ,131300,1.0,1.0,1.0,1.0,1.0,1.0,0.9987389659520808,0.9987389659520808,0.9987389659520808,0.0012626262626262985
600243.SH,131400,1.0,1.0014556040756915,1.0014556040756915,1.0,1.0,1.0,1.0,1.0,1.0,0.0
600792.SH,131400,1.0,1.0,1.0023310023310024,1.0,1.0,1.0,1.0,1.0023310023310024,1.0,-0.0023255813953487747
603258.SH,131400,1.0,0.9993857493857493,0.9996928746928745,1.0006142506142506,1.0,1.0,1.0,0.9993857493857493,0.999078624078624,0.0
603389.SH,131400,1.0,0.9921874999999999,0.9921874999999999,0.99375,0.9976562499999999,1.0,1.0031249999999998,1.00390625,1.0031249999999998,-0.0031152647975076775
002286.SZ,131500,1.0,0.9979550102249489,0.9989775051124744,0.9989775051124744,0.9979550102249489,1.0,1.0040899795501024,1.007157464212679,1.0081799591002045,-0.007106598984771617
300435.SZ,131500,1.0,0.998757763975155,0.998757763975155,0.998757763975155,0.998757763975155,1.0,1.0,1.0,0.998757763975155,0.0
002412.SZ,131600,1.0,1.0,1.0,1.0,1.0,1.0,0.9957575757575757,0.9957575757575757,0.9957575757575757,0.004260499087035852
600599.SH,131600,1.0,0.9995262908574136,0.9995262908574136,0.9995262908574136,1.0,1.0,1.0004737091425866,1.0004737091425866,1.0004737091425866,-0.00047348484848497296
000048.SZ,131700,1.0,0.9955134596211366,0.9955134596211366,0.9955134596211366,1.0,1.0,1.0,1.0,1.0,0.0
600250.SH,131700,1.0,0.9934959349593496,0.9934959349593496,0.9934959349593496,0.9934959349593496,1.0,0.9951219512195122,1.0,1.0,0.0008136696501221952
002459.SZ,131800,1.0,0.9991589571068125,0.9991589571068125,0.9991589571068125,0.9991589571068125,1.0,1.0008410428931875,1.0008410428931875,1.0008410428931875,-0.0008403361344537785
300330.SZ,131800,1.0,0.9981290926099159,0.9981290926099159,0.9990645463049579,1.0,1.0,1.000935453695042,1.0028063610851263,1.0037418147801684,-0.002798507462686728
002069.SZ,132100,1.0,0.9987546699875467,0.9987546699875467,0.9987546699875467,1.0,1.0,1.0,1.0,1.0,0.0
002485.SZ,132500,1.0,0.9984674329501915,0.9984674329501915,0.9984674329501915,0.9984674329501915,1.0,1.0042145593869731,1.0045977011494251,1.0045977011494251,-0.004576659038901476
600769.SH,132500,1.0,1.0016611295681064,1.0,1.0,1.0,1.0,1.0,1.0,0.9983388704318937,0.0
603908.SH,132500,1.0,1.0002773155851359,0.9988907376594565,0.9988907376594565,0.9988907376594565,1.0,1.0,1.0,0.999722684414864,0.0002773925104022634
000859.SZ,132600,1.0,1.0,1.0,1.0,0.9976525821596245,1.0,1.0,1.0,1.0,0.0
300061.SZ,132600,1.0,0.9938309685379395,0.9938309685379395,0.9938309685379395,0.9975323874151759,1.0,0.9987661937075879,0.9981492905613818,0.9981492905613818,0.008084577114428004
600247.SH,132600,1.0,1.0,1.0,1.0,1.0,1.0,0.9988801791713326,1.0,1.0,0.0011210762331839152
300300.SZ,132700,1.0,0.9941520467836257,0.9941520467836257,0.9941520467836257,0.9941520467836257,1.0,0.9994152046783625,0.9994152046783625,0.9994152046783625,0.00588235294117645
600234.SH,132700,1.0,0.9992779783393502,0.9992779783393502,0.9992779783393502,0.9992779783393502,1.0,1.0,1.0,1.0,0.0
000859.SZ,133000,1.0,1.0,1.0,1.0,1.0,1.0,1.0,1.0,1.0,0.0
600721.SH,133000,1.0,0.9924026590693257,0.9924026590693257,0.9924026590693257,0.9971509971509972,1.0,1.0,1.0018993352326686,1.0009496676163343,-0.0018957345971565287
002765.SZ,133100,1.0,0.9920454545454546,0.9931818181818182,0.996590909090909,0.996590909090909,1.0,1.0011363636363637,1.0,0.9988636363636362,0.0
603825.SH,133100,1.0,0.9915584415584415,0.9954545454545455,0.9983766233766234,1.0,1.0,0.9983766233766234,0.9983766233766234,1.0,0.001626016260162677
000004.SZ,133200,1.0,0.9955277280858678,0.9955277280858678,0.9955277280858678,0.9955277280858678,1.0,0.9995527728085869,0.9995527728085869,0.9995527728085869,0.0004474272930647949
600234.SH,133200,1.0,1.0,1.0,1.0,1.0,1.0,1.0,1.0,0.9985559566787003,0.001446131597975464
002671.SZ,133300,1.0,1.0,1.0,1.0,1.0,1.0,0.998550724637681,0.998550724637681,0.998550724637681,0.0014513788098695635
300087.SZ,133300,1.0,0.9945105215004574,0.9954254345837147,0.9954254345837147,0.9945105215004574,1.0,0.9990850869167429,0.9990850869167429,0.9990850869167429,0.0009157509157509125
000798.SZ,133400,1.0,0.995305164319249,0.995305164319249,0.9964788732394367,0.9988262910798122,1.0,1.0,1.0,0.9976525821596245,0.0
002519.SZ,133400,1.0,0.99836867862969,0.9967373572593802,0.9967373572593802,0.99836867862969,1.0,0.99836867862969,0.99836867862969,0.99836867862969,0.0016339869281045694
603519.SH,133400,1.0,1.0163322445170322,1.0163322445170322,0.9976668222118525,1.0158656089594027,1.0,1.0,1.0153989734017732,1.0153989734017732,-0.015165441176470673
603555.SH,133600,1.0,0.9937677053824363,0.9937677053824363,0.9937677053824363,0.9977337110481587,1.0,1.0028328611898016,1.0028328611898016,1.0028328611898016,-0.0028248587570621764
300488.SZ,133700,1.0,0.9987220447284345,0.9987220447284345,0.9990415335463259,1.0,1.0,1.0006389776357827,0.9990415335463259,0.9993610223642173,0.0009593859929646342
002363.SZ,133800,1.0,0.993095512082854,0.993095512082854,0.994246260069045,0.996547756041427,1.0,0.998849252013809,0.996547756041427,0.996547756041427,0.0011520737327188613
600370.SH,133800,1.0,0.9906832298136645,0.9906832298136645,0.9906832298136645,0.9937888198757764,1.0,0.9968944099378881,0.9968944099378881,1.0,0.0031152647975078995
600847.SH,133800,1.0,0.9987071751777633,0.9987071751777633,0.9987071751777633,0.9987071751777633,1.0,1.0,1.0,1.0,0.0
300525.SZ,133900,1.0,0.9952198852772466,0.9956978967495218,0.9956978967495218,0.9997609942638622,1.0,1.0002390057361377,1.0002390057361377,1.0002390057361377,-0.00023894862604534328
000411.SZ,134000,1.0,1.0,1.0,1.0,1.0,1.0,1.0,1.0,1.0,0.0
002231.SZ,134000,1.0,0.9963570127504553,0.9963570127504553,0.9972677595628414,0.9981785063752278,1.0,0.9981785063752278,0.9981785063752278,0.9981785063752278,0.00273972602739736
601226.SH,134000,1.0,0.9963503649635036,0.9981751824817517,0.9963503649635036,0.9981751824817517,1.0,1.0,1.0,1.0,0.0
002838.SZ,134100,1.0,0.9990314769975787,0.9990314769975787,0.9990314769975787,0.9990314769975787,1.0,1.0,1.0,1.0002421307506055,-0.00024207213749705137
300441.SZ,134300,1.0,0.9991735537190083,0.9991735537190083,0.9966942148760332,0.9966942148760332,1.0,1.0,0.9995867768595043,0.9995867768595043,0.0
300472.SZ,134400,1.0,0.986,0.986,0.9920000000000001,0.9966666666666666,1.0,1.01,1.0036666666666667,1.0033333333333334,-0.00990099009900991
603555.SH,134600,1.0,0.9977388355002825,0.9977388355002825,0.9977388355002825,0.9977388355002825,1.0,1.0,1.0,0.998304126625212,0.001698754246885592
300538.SZ,134700,1.0,1.0,1.0,1.0,1.0,1.0,1.0,1.0,1.0,0.0
300069.SZ,134900,1.0,1.0,0.9996993385447986,1.0,1.0,1.0,1.0,0.9996993385447986,1.0,0.00030075187969913486
300513.SZ,134900,1.0,1.0,1.0,1.0,1.0,1.0,0.9976289270895078,0.9976289270895078,0.9976289270895078,0.002376708259061333
601965.SH,134900,1.0,1.0,0.9988137603795967,0.9988137603795967,0.9988137603795967,1.0,0.9988137603795967,0.9988137603795967,0.9988137603795967,0.0011876484560569
002061.SZ,135000,1.0,0.9829974811083123,0.9829974811083123,0.9829974811083123,0.9905541561712846,1.0,1.0006297229219143,0.9987405541561712,0.9974811083123425,-0.0006293266205160686
300488.SZ,135000,1.0,0.9993612264452252,1.0,1.0,1.0,1.0,0.9996806132226127,0.9996806132226127,0.9996806132226127,0.0003194888178912336
600586.SH,135100,1.0,0.9956709956709956,0.9935064935064934,0.9913419913419913,0.9956709956709956,1.0,0.9978354978354979,1.0,1.0,0.002169197396963085
601339.SH,135300,1.0,0.9925093632958801,0.9943820224719101,0.9962546816479402,0.99812734082397,1.0,1.0018726591760299,1.0,1.0,0.0
002647.SZ,135400,1.0,1.0,1.0,1.0,1.0,1.0,1.0,1.0,1.0,0.0
300042.SZ,135400,1.0,1.0,1.0,1.0,1.0,1.0,0.9940401505646174,0.9940401505646174,0.9993726474278545,0.005995582202587446
002485.SZ,135600,1.0,1.0,1.0,1.0,1.0,1.0,0.9992372234935164,0.9992372234935164,0.9992372234935164,0.0007633587786259888
300087.SZ,135800,1.0,0.9981684981684982,0.9981684981684982,0.9981684981684982,0.9981684981684982,1.0,1.0210622710622712,1.010989010989011,1.0073260073260073,-0.020627802690582953
600163.SH,135800,1.0,0.9975429975429974,0.9975429975429974,0.9975429975429974,0.9975429975429974,1.0,1.0,1.0,1.0,0.0
600611.SH,135800,1.0,0.998015873015873,0.998015873015873,0.9960317460317459,0.998015873015873,1.0,1.001984126984127,1.001984126984127,1.0,0.0
002370.SZ,140200,1.0,1.0,1.0,1.0,1.0,1.0,1.0,1.0035038542396637,1.0035038542396637,-0.0034916201117318746
000576.SZ,140300,1.0,1.0,1.0,1.0,1.0,1.0,1.0,1.0,1.0017740981667653,0.0
300169.SZ,140400,1.0,1.0032894736842104,1.0,1.0,1.0,1.0,1.0016447368421053,1.0,0.9983552631578948,-0.0016420361247947435
300174.SZ,140400,1.0,0.9986187845303868,0.9986187845303868,0.9986187845303868,0.9986187845303868,1.0,1.0,1.0,0.9986187845303868,0.0
000885.SZ,140500,1.0,0.9853200234879624,0.9894304169113329,0.9906048150322959,0.9958896065766295,1.0,1.0,1.0,1.0,0.0
000576.SZ,140600,1.0,0.9982290436835891,0.9982290436835891,0.9982290436835891,0.9982290436835891,1.0,1.0,1.0,0.999409681227863,0.0005906674542233148
002316.SZ,140600,1.0,0.993975903614458,0.993975903614458,0.993975903614458,1.0,1.0,1.0,1.0,1.0,0.0
600163.SH,140600,1.0,1.0,1.0,1.0,1.0,1.0,0.9975490196078431,0.9975490196078431,0.9975490196078431,0.002457002457002311
000534.SZ,140700,1.0,1.0,1.0,1.0,1.0,1.0,1.0,0.9971346704871059,0.9971346704871059,0.00287356321839094
002630.SZ,141200,1.0,0.9972527472527473,0.9972527472527473,0.9981684981684982,0.9990842490842491,1.0,1.0,1.0,0.9981684981684982,0.0018348623853210455
300312.SZ,141200,1.0,0.9822064056939501,0.980782918149466,0.9800711743772241,0.980782918149466,1.0,1.0249110320284698,1.0291814946619218,1.0213523131672597,-0.02835408022130015
002870.SZ,141400,1.0,0.9980769230769231,0.9980769230769231,0.9980769230769231,0.9984615384615385,1.0,1.0,1.0,0.9992307692307693,0.0
300063.SZ,141500,1.0,0.9857142857142857,0.9857142857142857,0.9839285714285715,0.9839285714285715,1.0,1.0017857142857145,1.0035714285714286,1.0017857142857145,-0.0017825311942960553
300470.SZ,141500,1.0,0.9915233108950388,0.9917726252804787,0.9917726252804787,0.9915233108950388,1.0,1.0022438294689604,1.0017452006980803,1.0014958863126402,-0.00223880597014936
300453.SZ,141600,1.0,0.9993997599039615,0.9993997599039615,0.9987995198079231,0.9987995198079231,1.0,1.0006002400960385,1.0006002400960385,1.003001200480192,-0.0005998800239952473
600774.SH,141700,1.0,0.9974747474747474,0.9974747474747474,0.9974747474747474,0.9984848484848484,1.0,1.0,1.0,1.0,0.0
603099.SH,141700,1.0,0.9958263772954924,0.9958263772954924,0.9974958263772954,0.9974958263772954,1.0,1.0,0.9966611018363939,0.9966611018363939,0.003350083752093891
600094.SH,141800,1.0,0.9915134370579914,0.9943422913719944,0.9943422913719944,0.9971711456859971,1.0,1.0,0.9985855728429985,0.9971711456859971,0.0014164305949009304
000533.SZ,142000,1.0,0.9981132075471698,0.9981132075471698,0.9981132075471698,0.999056603773585,1.0,1.0,1.0,1.0009433962264151,0.0
002706.SZ,142000,1.0,0.9847908745247147,0.9840304182509505,0.9878326996197718,0.9954372623574144,1.0,1.0038022813688212,1.0045627376425856,1.0053231939163498,-0.004542013626040897
002838.SZ,142000,1.0,0.9992737835875091,0.999515855725006,0.999515855725006,0.999515855725006,1.0,1.0019365770999757,1.0038731541999515,1.0038731541999515,-0.001932834017878693
300602.SZ,142000,1.0,0.9948960302457468,0.9947069943289225,0.9947069943289225,0.9945179584120983,1.0,1.003780718336484,1.001890359168242,1.0035916824196598,-0.0037664783427495685
600538.SH,142000,1.0,1.0,1.0,1.0,1.0,1.0,1.0,1.0,1.0,0.0
600853.SH,142100,1.0,0.997946611909651,0.997946611909651,0.997946611909651,0.997946611909651,1.0,1.0,1.002053388090349,1.002053388090349,0.0
002322.SZ,142200,1.0,0.9942827442827443,0.9937629937629939,0.995841995841996,0.9984407484407486,1.0,1.0,0.9984407484407486,0.995841995841996,0.0
600538.SH,142200,1.0,1.0,1.0,1.0,1.0,1.0,1.0,1.0,1.0017825311942958,0.0
600605.SH,142200,1.0,0.9985294117647059,0.9992647058823529,0.9992647058823529,0.9992647058823529,1.0,1.0,1.0,1.0,0.002210759027265974
002619.SZ,142300,1.0,0.9906832298136645,0.9906832298136645,0.9906832298136645,0.9906832298136645,1.0,0.998447204968944,0.998447204968944,0.998447204968944,0.0015552099533437946
300169.SZ,142300,1.0,0.9934640522875817,0.9934640522875817,0.9934640522875817,0.9934640522875817,1.0,1.0,0.9967320261437908,0.9934640522875817,0.0049261083743843415
600419.SH,142300,1.0,0.995900755124056,0.9974110032362459,0.9974110032362459,0.9989212513484357,1.0,1.0,1.0,1.0,0.0
600572.SH,142300,1.0,0.9847645429362881,0.9889196675900277,0.9916897506925209,0.9958448753462604,1.0,0.997229916897507,0.9958448753462604,0.9944598337950138,0.002777777777777768
002712.SZ,142400,1.0,0.9978354978354979,0.9987012987012986,0.9987012987012986,0.9995670995670995,1.0,0.9995670995670995,0.9995670995670995,0.9995670995670995,0.00043308791684726344
300602.SZ,142500,1.0,1.0,0.9981167608286252,0.9998116760828626,1.0,1.0,1.0,0.9981167608286252,0.9981167608286252,0.0
600824.SH,142500,1.0,0.9979423868312756,0.9979423868312756,0.9979423868312756,0.9979423868312756,1.0,1.0,1.0,1.0,0.0020618556701033075
600882.SH,142500,1.0,0.9967248908296944,0.9967248908296944,0.9967248908296944,0.9967248908296944,1.0,1.0032751091703056,1.0032751091703056,1.002183406113537,-0.0032644178454841466
600033.SH,142600,1.0,0.9972899728997291,0.994579945799458,0.9972899728997291,0.9972899728997291,1.0,1.0,1.0,1.0,0.0
300445.SZ,142700,1.0,1.0,1.0,1.0,1.0,1.0,1.0,1.0,1.0,0.0
600749.SH,142900,1.0,0.9810094952523737,0.9800099950024986,0.9800099950024986,0.9800099950024986,1.0,1.0004997501249375,1.00199900049975,1.0034982508745625,-0.0004995004995004271
600983.SH,142900,1.0,0.9945652173913043,0.9959239130434783,0.9972826086956521,0.9986413043478259,1.0,1.0013586956521738,1.0067934782608696,1.0054347826086956,-0.006747638326585648
002712.SZ,143000,1.0,0.9991345737775855,0.9991345737775855,0.9987018606663781,0.9991345737775855,1.0,1.0004327131112074,1.0008654262224146,1.0008654262224146,-0.0004325259515571833
603315.SH,143100,1.0,0.9500683994528044,0.9500683994528044,0.9500683994528044,0.9692202462380302,1.0,0.9952120383036936,0.981532147742818,0.993844049247606,0.004810996563573866
002712.SZ,143200,1.0,0.9978383052313013,0.9982706441850411,0.9991353220925205,0.9995676610462604,1.0,1.0,0.9995676610462604,0.9995676610462604,0.0004325259515569613
000906.SZ,143300,1.0,0.9879356568364611,0.9865951742627347,0.9865951742627347,0.9879356568364611,1.0,1.009383378016086,1.0053619302949062,1.0053619302949062,-0.005333333333333301
600767.SH,143700,1.0,0.9970059880239521,1.0,1.0,1.0,1.0,1.0,1.0,1.0,0.0
600027.SH,144200,1.0,1.0,1.0,1.0026737967914439,1.0026737967914439,1.0,1.0026737967914439,1.0,1.0026737967914439,-0.002666666666666595
002705.SZ,144400,1.0,0.9912140575079873,0.9920127795527157,0.994408945686901,0.9976038338658147,1.0,1.0015974440894568,1.0007987220447285,1.0015974440894568,-0.0007980845969672856
000005.SZ,144800,1.0,0.9311111111111112,0.9311111111111112,0.9333333333333333,0.9311111111111112,1.0,0.9777777777777779,0.9622222222222222,0.9822222222222222,0.022727272727272707
300125.SZ,144800,1.0,0.9996261682242991,0.9996261682242991,0.9996261682242991,0.9996261682242991,1.0,1.0,0.9981308411214953,0.9981308411214953,0.0
300478.SZ,145700,1.0,0.9948477751756439,0.9950819672131147,0.9950819672131147,0.9950819672131147,1.0,1.000702576112412,1.000702576112412,0.9990632318501169,0.0009376465072667983
